{
   "dashboards": [{
      "autoswitchEnabled": false,
      "columnCount": 1,
      "columnProportion": "1-1",
      "creationTime": 1604511039010,
      "dashboardNavigations": {},
      "description": "",
      "disabled": false,
      "gridsterMaxColumns": 12,
      "hidden": false,
      "homeTab": false,
      "id": "82ec44ff-42e8-4a70-889f-a8b0cae53957",
      "importAttempts": 0,
      "importComplete": true,
      "lastUpdateTime": 1604585429737,
      "lastUpdateUserId": "ce28a436-007e-4581-a234-9a5ec7b93455",
      "locked": false,
      "name": "Custom Dashboards/Environment Overview v2",
      "namePath": "Custom Dashboards",
      "rank": 0,
      "shared": false,
      "states": [],
      "temporary": false,
      "userId": "ce28a436-007e-4581-a234-9a5ec7b93455",
      "widgetInteractions": [{
         "type": "resourceId",
         "widgetIdProvider": "449b6fe9-0825-4774-a65e-11fa46dc79d2",
         "widgetIdReceiver": "46e7ecac-b8c5-4574-8f93-03b39145024e"
      }],
      "widgets": [
         {
            "collapsed": false,
            "config": {
               "chartViewItems": [
                  "legend",
                  "labels",
                  "title"
               ],
               "isUpdatedView": true,
               "refreshContent": {"refreshContent": true},
               "refreshInterval": 300,
               "resource": {
                  "id": "Ext.vcops.chrome.model.Resource-1",
                  "resourceId": "resource:id:0_::_",
                  "resourceKindId": "002006VMWAREvSphere World",
                  "resourceName": "vSphere World",
                  "traversalSpecId": ""
               },
               "selectFirstRow": {"selectFirstRow": false},
               "selfProvider": {"selfProvider": true},
               "title": "Datacenters",
               "traversalSpecId": null,
               "viewDefinitionId": "6694b7fd-15b3-41a2-987d-cc716099d088"
            },
            "gridsterCoords": {
               "h": 7,
               "w": 2,
               "x": 1,
               "y": 1
            },
            "height": 381,
            "id": "0c3cd4c7-9b75-46fd-bfac-23f091430ff2",
            "states": [{
               "key": "perm_toolbarVisible_widget_82ec44ff-42e8-4a70-889f-a8b0cae53957_0c3cd4c7-9b75-46fd-bfac-23f091430ff2",
               "value": "b%3A0"
            }],
            "title": "Datacenters",
            "type": "View"
         },
         {
            "collapsed": false,
            "config": {
               "chartViewItems": [
                  "legend",
                  "labels",
                  "title"
               ],
               "isUpdatedView": true,
               "refreshContent": {"refreshContent": true},
               "refreshInterval": 300,
               "resource": {
                  "id": "Ext.vcops.chrome.model.Resource-3",
                  "resourceId": "resource:id:0_::_",
                  "resourceKindId": "002006VMWAREvSphere World",
                  "resourceName": "vSphere World",
                  "traversalSpecId": ""
               },
               "selectFirstRow": {"selectFirstRow": false},
               "selfProvider": {"selfProvider": true},
               "title": "Clusters",
               "traversalSpecId": null,
               "viewDefinitionId": "364ac16f-e357-407f-ab9f-7aa22b8e3f1b"
            },
            "gridsterCoords": {
               "h": 7,
               "w": 2,
               "x": 3,
               "y": 1
            },
            "height": 381,
            "id": "3c577f94-a010-4ae7-a745-13322164117e",
            "states": [{
               "key": "perm_toolbarVisible_widget_82ec44ff-42e8-4a70-889f-a8b0cae53957_3c577f94-a010-4ae7-a745-13322164117e",
               "value": "b%3A0"
            }],
            "title": "Clusters",
            "type": "View"
         },
         {
            "collapsed": false,
            "config": {
               "chartViewItems": [
                  "legend",
                  "labels",
                  "title"
               ],
               "isUpdatedView": true,
               "refreshContent": {"refreshContent": true},
               "refreshInterval": 300,
               "resource": {
                  "id": "Ext.vcops.chrome.model.Resource-4",
                  "resourceId": "resource:id:0_::_",
                  "resourceKindId": "002006VMWAREvSphere World",
                  "resourceName": "vSphere World",
                  "traversalSpecId": ""
               },
               "selectFirstRow": {"selectFirstRow": false},
               "selfProvider": {"selfProvider": true},
               "title": "ESXi Hosts",
               "traversalSpecId": null,
               "viewDefinitionId": "f2dbd237-c365-4cfa-8b01-137e2a27fcf9"
            },
            "gridsterCoords": {
               "h": 7,
               "w": 2,
               "x": 5,
               "y": 1
            },
            "height": 381,
            "id": "cf33d69b-0edb-4c5c-a3c6-fdfd58933e79",
            "states": [{
               "key": "perm_toolbarVisible_widget_82ec44ff-42e8-4a70-889f-a8b0cae53957_cf33d69b-0edb-4c5c-a3c6-fdfd58933e79",
               "value": "b%3A0"
            }],
            "title": "ESXi Hosts",
            "type": "View"
         },
         {
            "collapsed": false,
            "config": {
               "chartViewItems": [
                  "legend",
                  "labels",
                  "title"
               ],
               "isUpdatedView": true,
               "refreshContent": {"refreshContent": true},
               "refreshInterval": 300,
               "resource": {
                  "id": "Ext.vcops.chrome.model.Resource-5",
                  "resourceId": "resource:id:0_::_",
                  "resourceKindId": "002006VMWAREvSphere World",
                  "resourceName": "vSphere World",
                  "traversalSpecId": ""
               },
               "selectFirstRow": {"selectFirstRow": false},
               "selfProvider": {"selfProvider": true},
               "title": "VMs",
               "traversalSpecId": null,
               "viewDefinitionId": "d9f69e70-cf94-4b6f-bff9-f87b4d3ba551"
            },
            "gridsterCoords": {
               "h": 7,
               "w": 2,
               "x": 7,
               "y": 1
            },
            "height": 381,
            "id": "c63cf9fa-46d0-4ebd-87bd-00f6c0982f04",
            "states": [{
               "key": "perm_toolbarVisible_widget_82ec44ff-42e8-4a70-889f-a8b0cae53957_c63cf9fa-46d0-4ebd-87bd-00f6c0982f04",
               "value": "b%3A0"
            }],
            "title": "VMs",
            "type": "View"
         },
         {
            "collapsed": false,
            "config": {
               "chartViewItems": [
                  "legend",
                  "labels",
                  "title"
               ],
               "isUpdatedView": true,
               "refreshContent": {"refreshContent": true},
               "refreshInterval": 300,
               "resource": {
                  "id": "Ext.vcops.chrome.model.Resource-6",
                  "resourceId": "resource:id:0_::_",
                  "resourceKindId": "002006VMWAREvSphere World",
                  "resourceName": "vSphere World",
                  "traversalSpecId": ""
               },
               "selectFirstRow": {"selectFirstRow": false},
               "selfProvider": {"selfProvider": true},
               "title": "Datastores",
               "traversalSpecId": null,
               "viewDefinitionId": "2132e7cf-2298-46a4-8f9d-559589649a08"
            },
            "gridsterCoords": {
               "h": 7,
               "w": 2,
               "x": 9,
               "y": 1
            },
            "height": 381,
            "id": "771897c4-55ae-4397-9e24-149ac745a932",
            "states": [{
               "key": "perm_toolbarVisible_widget_82ec44ff-42e8-4a70-889f-a8b0cae53957_771897c4-55ae-4397-9e24-149ac745a932",
               "value": "b%3A0"
            }],
            "title": "Datastores",
            "type": "View"
         },
         {
            "collapsed": false,
            "config": {
               "chartViewItems": [
                  "legend",
                  "labels",
                  "title"
               ],
               "isUpdatedView": true,
               "refreshContent": {"refreshContent": true},
               "refreshInterval": 300,
               "resource": {
                  "id": "Ext.vcops.chrome.model.Resource-7",
                  "resourceId": "resource:id:0_::_",
                  "resourceKindId": "002006VMWAREvSphere World",
                  "resourceName": "vSphere World",
                  "traversalSpecId": ""
               },
               "selectFirstRow": {"selectFirstRow": false},
               "selfProvider": {"selfProvider": true},
               "title": "Datastore Clusters",
               "traversalSpecId": null,
               "viewDefinitionId": "4f82b704-05f2-4ab3-b92c-d510fbb314a2"
            },
            "gridsterCoords": {
               "h": 7,
               "w": 2,
               "x": 11,
               "y": 1
            },
            "height": 381,
            "id": "8ccb2e14-3617-4388-8f2c-d4fefc1e5040",
            "states": [{
               "key": "perm_toolbarVisible_widget_82ec44ff-42e8-4a70-889f-a8b0cae53957_8ccb2e14-3617-4388-8f2c-d4fefc1e5040",
               "value": "b%3A0"
            }],
            "title": "Datastore Clusters",
            "type": "View"
         },
         {
            "collapsed": false,
            "config": {
               "alertAction": [],
               "alertImpact": [],
               "criticalityLevel": [],
               "customFilter": {
                  "excludedResources": null,
                  "filter": [],
                  "includedResources": null
               },
               "depth": 1,
               "filterMode": "tagPicker",
               "mode": "all",
               "refreshContent": {"refreshContent": true},
               "refreshInterval": 300,
               "relationshipMode": {"relationshipMode": [
                  -1,
                  0
               ]},
               "resource": [],
               "selfProvider": {"selfProvider": true},
               "state": [],
               "status": [],
               "tagFilter": null,
               "title": "Alerts",
               "type": []
            },
            "gridsterCoords": {
               "h": 12,
               "w": 6,
               "x": 1,
               "y": 13
            },
            "height": 666,
            "id": "449b6fe9-0825-4774-a65e-11fa46dc79d2",
            "states": [
               {
                  "key": "permViewMode_widget_82ec44ff-42e8-4a70-889f-a8b0cae53957_449b6fe9-0825-4774-a65e-11fa46dc79d2",
                  "value": "s%3AcriticalityLevel"
               },
               {
                  "key": "perm_toolbarVisible_widget_82ec44ff-42e8-4a70-889f-a8b0cae53957_449b6fe9-0825-4774-a65e-11fa46dc79d2",
                  "value": "b%3A1"
               },
               {
                  "key": "permAlertGrid_perm_widget_82ec44ff-42e8-4a70-889f-a8b0cae53957_449b6fe9-0825-4774-a65e-11fa46dc79d2",
                  "value": "o%3Acolumns%3Da%253Ao%25253Aid%25253Ds%2525253Ah1%25255Ehidden%25253Db%2525253A1%25255Ewidth%25253Dn%2525253A100%255Eo%25253Aid%25253Ds%2525253Ah2%25255Ewidth%25253Dn%2525253A78.27604675292969%255Eo%25253Aid%25253Ds%2525253Ah6%25255Ewidth%25253Dn%2525253A67.40278625488281%255Eo%25253Aid%25253Ds%2525253Ah15%25255Ehidden%25253Db%2525253A0%25255Ewidth%25253Dn%2525253A128.66494750976562%255Eo%25253Aid%25253Ds%2525253Ah3%25255Ewidth%25253Dn%2525253A328.31256103515625%255Eo%25253Aid%25253Ds%2525253Ah4%255Eo%25253Aid%25253Ds%2525253Ah5%255Eo%25253Aid%25253Ds%2525253Ah7%25255Ehidden%25253Db%2525253A1%255Eo%25253Aid%25253Ds%2525253Ah8%25255Ehidden%25253Db%2525253A1%255Eo%25253Aid%25253Ds%2525253Ah9%25255Ehidden%25253Db%2525253A1%255Eo%25253Aid%25253Ds%2525253Ah10%25255Ehidden%25253Db%2525253A1%255Eo%25253Aid%25253Ds%2525253Ah11%255Eo%25253Aid%25253Ds%2525253Ah12%255Eo%25253Aid%25253Ds%2525253Ah13%25255Ehidden%25253Db%2525253A1%255Eo%25253Aid%25253Ds%2525253Ah14%25255Ehidden%25253Db%2525253A1%5EstoreState%3Do%253Asorters%253Da%25253Ao%2525253Aroot%2525253Ds%252525253Adata%2525255Eproperty%2525253Ds%252525253AstartTimeUtc%2525255Edirection%2525253Ds%252525253ADESC%2525255Eid%2525253Ds%252525253AstartTimeUtc"
               },
               {
                  "key": "permDateFilter_widget_82ec44ff-42e8-4a70-889f-a8b0cae53957_449b6fe9-0825-4774-a65e-11fa46dc79d2",
                  "value": "s%3A%7B%22dateRange%22%3A%22last30Days%22%2C%22dateFrom%22%3Anull%2C%22dateTo%22%3Anull%2C%22timeFrom%22%3Anull%2C%22timeTo%22%3Anull%7D"
               }
            ],
            "title": "Alerts",
            "type": "AlertList"
         },
         {
            "collapsed": false,
            "config": {
               "customFilter": {
                  "excludedResources": null,
                  "filter": [],
                  "includedResources": null
               },
               "depth": "3,3",
               "filterMode": "tagPicker",
               "refreshContent": {"refreshContent": true},
               "refreshInterval": 300,
               "resourceId": null,
               "resourceName": null,
               "selfProvider": {"selfProvider": false},
               "tagFilter": null,
               "title": "Advanced Object Relationship (for selected Alert)",
               "traversalSpecId": ""
            },
            "gridsterCoords": {
               "h": 12,
               "w": 6,
               "x": 7,
               "y": 13
            },
            "height": 666,
            "id": "46e7ecac-b8c5-4574-8f93-03b39145024e",
            "states": [
               {
                  "key": "perm_ResourceRelationshipTree_widget_82ec44ff-42e8-4a70-889f-a8b0cae53957_46e7ecac-b8c5-4574-8f93-03b39145024e",
                  "value": "o%3A"
               },
               {
                  "key": "perm_viewerType_widget_82ec44ff-42e8-4a70-889f-a8b0cae53957_46e7ecac-b8c5-4574-8f93-03b39145024e",
                  "value": "s%3ArelationshipTree"
               },
               {
                  "key": "perm_toolbarVisible_widget_82ec44ff-42e8-4a70-889f-a8b0cae53957_46e7ecac-b8c5-4574-8f93-03b39145024e",
                  "value": "b%3A1"
               }
            ],
            "title": "Advanced Object Relationship (for selected Alert)",
            "type": "ResourceRelationshipAdvanced"
         },
         {
            "collapsed": false,
            "config": {
               "configs": [{
                  "attributeKind": {"value": ""},
                  "color": {
                     "maxValue": 100,
                     "minValue": 0,
                     "thresholds": {
                        "colors": [
                           "#FF0000",
                           "#FFFF00",
                           "#00FF00"
                        ],
                        "values": [
                           0,
                           50,
                           100
                        ]
                     }
                  },
                  "colorBy": {
                     "metricKey": "badge|health",
                     "value": "Badge|Health (%)"
                  },
                  "filterMode": "tagPicker",
                  "focusOnGroups": true,
                  "groupBy": {
                     "id": "004null002006VMWAREDatacenter",
                     "originalText": "Datacenter",
                     "parentId": "VMWARE",
                     "parentText": "vCenter Adapter",
                     "text": "Datacenter",
                     "type": "resourceKind",
                     "typeId": "resourceKind:id:0_::_"
                  },
                  "id": "extModel5861-1",
                  "mode": {"mode": false},
                  "name": "Health",
                  "relationalGrouping": false,
                  "resourceKind": "resourceKind:id:0_::_",
                  "sizeBy": {
                     "metricKey": null,
                     "value": ""
                  },
                  "solidColoring": false,
                  "thenBy": null
               }],
               "depth": 10,
               "mode": "all",
               "refreshContent": {"refreshContent": true},
               "refreshInterval": 300,
               "relationshipMode": {"relationshipMode": [
                  1,
                  -1,
                  0
               ]},
               "resource": [],
               "selfProvider": {"selfProvider": true},
               "title": "Datacenters",
               "value": 0
            },
            "gridsterCoords": {
               "h": 5,
               "w": 2,
               "x": 1,
               "y": 8
            },
            "height": 267,
            "id": "9c164ae8-8e17-48af-bf19-ac3b21d1a092",
            "states": [
               {
                  "key": "perm_toolbarVisible_widget_82ec44ff-42e8-4a70-889f-a8b0cae53957_9c164ae8-8e17-48af-bf19-ac3b21d1a092",
                  "value": "b%3A0"
               },
               {
                  "key": "permBtn_showTextBtn_perm_HeatMap_widget_82ec44ff-42e8-4a70-889f-a8b0cae53957_9c164ae8-8e17-48af-bf19-ac3b21d1a092",
                  "value": "b%3A1"
               },
               {
                  "key": "permBtn_zoomInBtn_perm_HeatMap_widget_82ec44ff-42e8-4a70-889f-a8b0cae53957_9c164ae8-8e17-48af-bf19-ac3b21d1a092",
                  "value": "b%3A0"
               },
               {
                  "key": "perm_HeatMap_widget_82ec44ff-42e8-4a70-889f-a8b0cae53957_9c164ae8-8e17-48af-bf19-ac3b21d1a092",
                  "value": "o%3A"
               }
            ],
            "title": "Datacenters",
            "type": "Heatmap"
         },
         {
            "collapsed": false,
            "config": {
               "configs": [{
                  "attributeKind": {"value": ""},
                  "color": {
                     "maxValue": 100,
                     "minValue": 0,
                     "thresholds": {
                        "colors": [
                           "#FF0000",
                           "#FFFF00",
                           "#00FF00"
                        ],
                        "values": [
                           0,
                           50,
                           100
                        ]
                     }
                  },
                  "colorBy": {
                     "metricKey": "badge|health",
                     "value": "Badge|Health (%)"
                  },
                  "filterMode": "tagPicker",
                  "focusOnGroups": true,
                  "groupBy": {
                     "id": "004null002006VMWAREDatacenter",
                     "originalText": "Datacenter",
                     "parentId": "VMWARE",
                     "parentText": "vCenter Adapter",
                     "text": "Datacenter",
                     "type": "resourceKind",
                     "typeId": "resourceKind:id:0_::_"
                  },
                  "id": "extModel6340-1",
                  "mode": {"mode": false},
                  "name": "Health",
                  "relationalGrouping": false,
                  "resourceKind": "resourceKind:id:1_::_",
                  "sizeBy": {
                     "metricKey": null,
                     "value": ""
                  },
                  "solidColoring": false,
                  "thenBy": null
               }],
               "depth": 10,
               "mode": "all",
               "refreshContent": {"refreshContent": true},
               "refreshInterval": 300,
               "relationshipMode": {"relationshipMode": [
                  1,
                  -1,
                  0
               ]},
               "resource": [],
               "selfProvider": {"selfProvider": true},
               "title": "Clusters",
               "value": 0
            },
            "gridsterCoords": {
               "h": 5,
               "w": 2,
               "x": 3,
               "y": 8
            },
            "height": 267,
            "id": "58a5b0d5-7084-4c78-9c9c-06a9ebd15dd3",
            "states": [
               {
                  "key": "perm_toolbarVisible_widget_82ec44ff-42e8-4a70-889f-a8b0cae53957_58a5b0d5-7084-4c78-9c9c-06a9ebd15dd3",
                  "value": "b%3A0"
               },
               {
                  "key": "permBtn_zoomInBtn_perm_HeatMap_widget_82ec44ff-42e8-4a70-889f-a8b0cae53957_58a5b0d5-7084-4c78-9c9c-06a9ebd15dd3",
                  "value": "b%3A0"
               },
               {
                  "key": "permBtn_showTextBtn_perm_HeatMap_widget_82ec44ff-42e8-4a70-889f-a8b0cae53957_58a5b0d5-7084-4c78-9c9c-06a9ebd15dd3",
                  "value": "b%3A1"
               },
               {
                  "key": "perm_HeatMap_widget_82ec44ff-42e8-4a70-889f-a8b0cae53957_58a5b0d5-7084-4c78-9c9c-06a9ebd15dd3",
                  "value": "o%3A"
               }
            ],
            "title": "Clusters",
            "type": "Heatmap"
         },
         {
            "collapsed": false,
            "config": {
               "configs": [{
                  "attributeKind": {"value": ""},
                  "color": {
                     "maxValue": 100,
                     "minValue": 0,
                     "thresholds": {
                        "colors": [
                           "#FF0000",
                           "#FFFF00",
                           "#00FF00"
                        ],
                        "values": [
                           0,
                           50,
                           100
                        ]
                     }
                  },
                  "colorBy": {
                     "metricKey": "badge|health",
                     "value": "Badge|Health (%)"
                  },
                  "filterMode": "tagPicker",
                  "focusOnGroups": true,
                  "groupBy": {
                     "id": "004null002006VMWAREDatacenter",
                     "originalText": "Datacenter",
                     "parentId": "VMWARE",
                     "parentText": "vCenter Adapter",
                     "text": "Datacenter",
                     "type": "resourceKind",
                     "typeId": "resourceKind:id:0_::_"
                  },
                  "id": "extModel7399-1",
                  "mode": {"mode": false},
                  "name": "Health",
                  "relationalGrouping": false,
                  "resourceKind": "resourceKind:id:2_::_",
                  "sizeBy": {
                     "metricKey": null,
                     "value": ""
                  },
                  "solidColoring": false,
                  "thenBy": null
               }],
               "depth": 10,
               "mode": "all",
               "refreshContent": {"refreshContent": true},
               "refreshInterval": 300,
               "relationshipMode": {"relationshipMode": [
                  1,
                  -1,
                  0
               ]},
               "resource": [],
               "selfProvider": {"selfProvider": true},
               "title": "ESXi Hosts",
               "value": 0
            },
            "gridsterCoords": {
               "h": 5,
               "w": 2,
               "x": 5,
               "y": 8
            },
            "height": 267,
            "id": "23260ce4-61f4-41cd-bcaf-13b6c6ee3851",
            "states": [
               {
                  "key": "perm_toolbarVisible_widget_82ec44ff-42e8-4a70-889f-a8b0cae53957_23260ce4-61f4-41cd-bcaf-13b6c6ee3851",
                  "value": "b%3A0"
               },
               {
                  "key": "perm_HeatMap_widget_82ec44ff-42e8-4a70-889f-a8b0cae53957_23260ce4-61f4-41cd-bcaf-13b6c6ee3851",
                  "value": "o%3A"
               },
               {
                  "key": "permBtn_zoomInBtn_perm_HeatMap_widget_82ec44ff-42e8-4a70-889f-a8b0cae53957_23260ce4-61f4-41cd-bcaf-13b6c6ee3851",
                  "value": "b%3A0"
               },
               {
                  "key": "permBtn_showTextBtn_perm_HeatMap_widget_82ec44ff-42e8-4a70-889f-a8b0cae53957_23260ce4-61f4-41cd-bcaf-13b6c6ee3851",
                  "value": "b%3A1"
               }
            ],
            "title": "ESXi Hosts",
            "type": "Heatmap"
         },
         {
            "collapsed": false,
            "config": {
               "configs": [{
                  "attributeKind": {"value": ""},
                  "color": {
                     "maxValue": 100,
                     "minValue": 0,
                     "thresholds": {
                        "colors": [
                           "#FF0000",
                           "#FFFF00",
                           "#00FF00"
                        ],
                        "values": [
                           0,
                           50,
                           100
                        ]
                     }
                  },
                  "colorBy": {
                     "metricKey": "badge|health",
                     "value": "Badge|Health (%)"
                  },
                  "filterMode": "tagPicker",
                  "focusOnGroups": true,
                  "groupBy": {
                     "id": "004null002006VMWAREDatacenter",
                     "originalText": "Datacenter",
                     "parentId": "VMWARE",
                     "parentText": "vCenter Adapter",
                     "text": "Datacenter",
                     "type": "resourceKind",
                     "typeId": "resourceKind:id:0_::_"
                  },
                  "id": "extModel7874-1",
                  "mode": {"mode": false},
                  "name": "Health",
                  "relationalGrouping": false,
                  "resourceKind": "resourceKind:id:3_::_",
                  "sizeBy": {
                     "metricKey": null,
                     "value": ""
                  },
                  "solidColoring": false,
                  "thenBy": null
               }],
               "depth": 10,
               "mode": "all",
               "refreshContent": {"refreshContent": true},
               "refreshInterval": 300,
               "relationshipMode": {"relationshipMode": [
                  1,
                  -1,
                  0
               ]},
               "resource": [],
               "selfProvider": {"selfProvider": true},
               "title": "VMs",
               "value": 0
            },
            "gridsterCoords": {
               "h": 5,
               "w": 2,
               "x": 7,
               "y": 8
            },
            "height": 267,
            "id": "72ca3722-1b6f-471c-b944-72c09105b2a0",
            "states": [{
               "key": "perm_HeatMap_widget_82ec44ff-42e8-4a70-889f-a8b0cae53957_72ca3722-1b6f-471c-b944-72c09105b2a0",
               "value": "o%3A"
            }],
            "title": "VMs",
            "type": "Heatmap"
         },
         {
            "collapsed": false,
            "config": {
               "configs": [{
                  "attributeKind": {"value": ""},
                  "color": {
                     "maxValue": 100,
                     "minValue": 0,
                     "thresholds": {
                        "colors": [
                           "#FF0000",
                           "#FFFF00",
                           "#00FF00"
                        ],
                        "values": [
                           0,
                           50,
                           100
                        ]
                     }
                  },
                  "colorBy": {
                     "metricKey": "badge|health",
                     "value": "Badge|Health (%)"
                  },
                  "filterMode": "tagPicker",
                  "focusOnGroups": true,
                  "groupBy": {
                     "id": "004null002006VMWAREDatacenter",
                     "originalText": "Datacenter",
                     "parentId": "VMWARE",
                     "parentText": "vCenter Adapter",
                     "text": "Datacenter",
                     "type": "resourceKind",
                     "typeId": "resourceKind:id:0_::_"
                  },
                  "id": "extModel8353-1",
                  "mode": {"mode": false},
                  "name": "Health",
                  "relationalGrouping": false,
                  "resourceKind": "resourceKind:id:4_::_",
                  "sizeBy": {
                     "metricKey": null,
                     "value": ""
                  },
                  "solidColoring": false,
                  "thenBy": null
               }],
               "depth": 10,
               "mode": "all",
               "refreshContent": {"refreshContent": true},
               "refreshInterval": 300,
               "relationshipMode": {"relationshipMode": [
                  1,
                  -1,
                  0
               ]},
               "resource": [],
               "selfProvider": {"selfProvider": true},
               "title": "Datastores",
               "value": 0
            },
            "gridsterCoords": {
               "h": 5,
               "w": 2,
               "x": 9,
               "y": 8
            },
            "height": 267,
            "id": "23388021-f820-4e3f-9c16-6b6fc63915be",
            "states": [{
               "key": "perm_HeatMap_widget_82ec44ff-42e8-4a70-889f-a8b0cae53957_23388021-f820-4e3f-9c16-6b6fc63915be",
               "value": "o%3A"
            }],
            "title": "Datastores",
            "type": "Heatmap"
         },
         {
            "collapsed": false,
            "config": {
               "configs": [{
                  "attributeKind": {"value": ""},
                  "color": {
                     "maxValue": 100,
                     "minValue": 0,
                     "thresholds": {
                        "colors": [
                           "#FF0000",
                           "#FFFF00",
                           "#00FF00"
                        ],
                        "values": [
                           0,
                           50,
                           100
                        ]
                     }
                  },
                  "colorBy": {
                     "metricKey": "badge|health",
                     "value": "Badge|Health (%)"
                  },
                  "filterMode": "tagPicker",
                  "focusOnGroups": true,
                  "groupBy": {
                     "id": "004null002006VMWAREDatacenter",
                     "originalText": "Datacenter",
                     "parentId": "VMWARE",
                     "parentText": "vCenter Adapter",
                     "text": "Datacenter",
                     "type": "resourceKind",
                     "typeId": "resourceKind:id:0_::_"
                  },
                  "id": "extModel8830-1",
                  "mode": {"mode": false},
                  "name": "Health",
                  "relationalGrouping": false,
                  "resourceKind": "resourceKind:id:5_::_",
                  "sizeBy": {
                     "metricKey": null,
                     "value": ""
                  },
                  "solidColoring": false,
                  "thenBy": null
               }],
               "depth": 10,
               "mode": "all",
               "refreshContent": {"refreshContent": true},
               "refreshInterval": 300,
               "relationshipMode": {"relationshipMode": [
                  1,
                  -1,
                  0
               ]},
               "resource": [],
               "selfProvider": {"selfProvider": true},
               "title": "Datastore Clusters",
               "value": 0
            },
            "gridsterCoords": {
               "h": 5,
               "w": 2,
               "x": 11,
               "y": 8
            },
            "height": 267,
            "id": "8c9e0716-e506-416a-b37d-5495cde07736",
            "states": [
               {
                  "key": "perm_toolbarVisible_widget_82ec44ff-42e8-4a70-889f-a8b0cae53957_8c9e0716-e506-416a-b37d-5495cde07736",
                  "value": "b%3A0"
               },
               {
                  "key": "permBtn_zoomInBtn_perm_HeatMap_widget_82ec44ff-42e8-4a70-889f-a8b0cae53957_8c9e0716-e506-416a-b37d-5495cde07736",
                  "value": "b%3A0"
               },
               {
                  "key": "perm_HeatMap_widget_82ec44ff-42e8-4a70-889f-a8b0cae53957_8c9e0716-e506-416a-b37d-5495cde07736",
                  "value": "o%3A"
               },
               {
                  "key": "permBtn_showTextBtn_perm_HeatMap_widget_82ec44ff-42e8-4a70-889f-a8b0cae53957_8c9e0716-e506-416a-b37d-5495cde07736",
                  "value": "b%3A1"
               }
            ],
            "title": "Datastore Clusters",
            "type": "Heatmap"
         }
      ]
   }],
   "entries": {
      "resource": [{
         "adapterKindKey": "VMWARE",
         "identifiers": [],
         "internalId": "resource:id:0_::_",
         "name": "vSphere World",
         "resourceKindKey": "vSphere World"
      }],
      "resourceKind": [
         {
            "adapterKindKey": "VMWARE",
            "internalId": "resourceKind:id:0_::_",
            "resourceKindKey": "Datacenter"
         },
         {
            "adapterKindKey": "VMWARE",
            "internalId": "resourceKind:id:2_::_",
            "resourceKindKey": "HostSystem"
         },
         {
            "adapterKindKey": "VMWARE",
            "internalId": "resourceKind:id:3_::_",
            "resourceKindKey": "VirtualMachine"
         },
         {
            "adapterKindKey": "VMWARE",
            "internalId": "resourceKind:id:1_::_",
            "resourceKindKey": "ClusterComputeResource"
         },
         {
            "adapterKindKey": "VMWARE",
            "internalId": "resourceKind:id:5_::_",
            "resourceKindKey": "StoragePod"
         },
         {
            "adapterKindKey": "VMWARE",
            "internalId": "resourceKind:id:4_::_",
            "resourceKindKey": "Datastore"
         }
      ]
   },
   "uuid": "02964523-d7ba-4b77-a7fd-4c7096917e59"
}