<?xml version="1.0" encoding="UTF-8" standalone="yes"?>
<Content>
    <Views>
        <ViewDef id="6694b7fd-15b3-41a2-987d-cc716099d088">
            <Title>Datacenter Health Donut Chart</Title>
            <Description>Datacenter Health Donut Chart</Description>
            <SubjectType adapterKind="VMWARE" resourceKind="Datacenter" type="descendant"/>
            <Usage>dashboard</Usage>
            <Usage>report</Usage>
            <Usage>details</Usage>
            <Usage>content</Usage>
            <Controls>
                <Control id="time-interval-selector_id_635" type="time-interval-selector" visible="false">
                    <Property name="advancedTimeMode" value="false"/>
                    <Property name="unit" value="DAYS"/>
                    <Property name="count" value="7"/>
                </Control>
                <Control id="attributes-selector_id_636" type="attributes-selector" visible="false">
                    <Property name="attributeInfos">
                        <List>
                            <Item>
<Value>
    <Property name="objectType" value="RESOURCE"/>
    <Property name="attributeKey" value="badge|health"/>
    <Property name="preferredUnitId" value="percent"/>
    <Property name="isStringAttribute" value="false"/>
    <Property name="adapterKind" value="VMWARE"/>
    <Property name="resourceKind" value="Datacenter"/>
    <Property name="rollUpType" value="NONE"/>
    <Property name="rollUpCount" value="0"/>
    <Property name="transformations">
        <List>
            <Item value="CURRENT"/>
        </List>
    </Property>
    <Property name="isProperty" value="false"/>
    <Property name="displayName" value="Health"/>
    <Property name="isShowRelativeTimestamp" value="false"/>
</Value>
                            </Item>
                        </List>
                    </Property>
                </Control>
                <Control id="buckets-control_id_637" type="buckets-control" visible="false">
                    <Property name="maxValue" value="0"/>
                    <Property name="minValue" value="0"/>
                    <Property name="dynamicCalcFunction" value="SIMPLEMAXMIN"/>
                    <Property name="bucketInfos">
                        <List>
                            <Item>
<Value>
    <Property name="startValue" value="0"/>
    <Property name="endValue" value="25"/>
    <Property name="bucketColor" value="ED186F"/>
</Value>
                            </Item>
                            <Item>
<Value>
    <Property name="startValue" value="25"/>
    <Property name="endValue" value="50"/>
    <Property name="bucketColor" value="F57600"/>
</Value>
                            </Item>
                            <Item>
<Value>
    <Property name="startValue" value="50"/>
    <Property name="endValue" value="75"/>
    <Property name="bucketColor" value="FAC400"/>
</Value>
                            </Item>
                            <Item>
<Value>
    <Property name="startValue" value="75"/>
    <Property name="endValue" value="100"/>
    <Property name="bucketColor" value="62A420"/>
</Value>
                            </Item>
                        </List>
                    </Property>
                    <Property name="isDynamic" value="false"/>
                    <Property name="isSum" value="false"/>
                </Control>
                <Control id="metadata_id_638" type="metadata" visible="false">
                    <Property name="maxPointsCount" value="5000"/>
                    <Property name="hideObjectNameColumn" value="false"/>
                    <Property name="listTopResultSize" value="-1"/>
                </Control>
            </Controls>
            <DataProviders>
                <DataProvider dataType="distribution-view" id="distribution-view_id_634"/>
            </DataProviders>
            <Presentation type="donut-chart"/>
        </ViewDef>
        <ViewDef id="4f82b704-05f2-4ab3-b92c-d510fbb314a2">
            <Title>Datastore Cluster Health Donut Chart</Title>
            <Description>Datastore Cluster Health Donut Chart</Description>
            <SubjectType adapterKind="VMWARE" resourceKind="StoragePod" type="descendant"/>
            <Usage>dashboard</Usage>
            <Usage>report</Usage>
            <Usage>details</Usage>
            <Usage>content</Usage>
            <Controls>
                <Control id="time-interval-selector_id_689" type="time-interval-selector" visible="false">
                    <Property name="advancedTimeMode" value="false"/>
                    <Property name="unit" value="DAYS"/>
                    <Property name="count" value="7"/>
                </Control>
                <Control id="attributes-selector_id_690" type="attributes-selector" visible="false">
                    <Property name="attributeInfos">
                        <List>
                            <Item>
<Value>
    <Property name="objectType" value="RESOURCE"/>
    <Property name="attributeKey" value="badge|health"/>
    <Property name="preferredUnitId" value="percent"/>
    <Property name="isStringAttribute" value="false"/>
    <Property name="adapterKind" value="VMWARE"/>
    <Property name="resourceKind" value="StoragePod"/>
    <Property name="rollUpType" value="NONE"/>
    <Property name="rollUpCount" value="0"/>
    <Property name="transformations">
        <List>
            <Item value="CURRENT"/>
        </List>
    </Property>
    <Property name="isProperty" value="false"/>
    <Property name="displayName" value="Health"/>
    <Property name="isShowRelativeTimestamp" value="false"/>
</Value>
                            </Item>
                        </List>
                    </Property>
                </Control>
                <Control id="buckets-control_id_691" type="buckets-control" visible="false">
                    <Property name="maxValue" value="0"/>
                    <Property name="minValue" value="0"/>
                    <Property name="dynamicCalcFunction" value="SIMPLEMAXMIN"/>
                    <Property name="bucketInfos">
                        <List>
                            <Item>
<Value>
    <Property name="startValue" value="0"/>
    <Property name="endValue" value="25"/>
    <Property name="bucketColor" value="ED186F"/>
</Value>
                            </Item>
                            <Item>
<Value>
    <Property name="startValue" value="25"/>
    <Property name="endValue" value="50"/>
    <Property name="bucketColor" value="F57600"/>
</Value>
                            </Item>
                            <Item>
<Value>
    <Property name="startValue" value="50"/>
    <Property name="endValue" value="75"/>
    <Property name="bucketColor" value="FAC400"/>
</Value>
                            </Item>
                            <Item>
<Value>
    <Property name="startValue" value="75"/>
    <Property name="endValue" value="100"/>
    <Property name="bucketColor" value="62A420"/>
</Value>
                            </Item>
                        </List>
                    </Property>
                    <Property name="isDynamic" value="false"/>
                    <Property name="isSum" value="false"/>
                </Control>
                <Control id="metadata_id_692" type="metadata" visible="false">
                    <Property name="maxPointsCount" value="5000"/>
                    <Property name="hideObjectNameColumn" value="false"/>
                    <Property name="listTopResultSize" value="-1"/>
                </Control>
            </Controls>
            <DataProviders>
                <DataProvider dataType="distribution-view" id="distribution-view_id_688"/>
            </DataProviders>
            <Presentation type="donut-chart"/>
        </ViewDef>
        <ViewDef id="f2dbd237-c365-4cfa-8b01-137e2a27fcf9">
            <Title>ESXi Host Health Donut Chart</Title>
            <Description>ESXi Host Health Donut Chart</Description>
            <SubjectType adapterKind="VMWARE" resourceKind="HostSystem" type="descendant"/>
            <Usage>dashboard</Usage>
            <Usage>report</Usage>
            <Usage>details</Usage>
            <Usage>content</Usage>
            <Controls>
                <Control id="time-interval-selector_id_652" type="time-interval-selector" visible="false">
                    <Property name="advancedTimeMode" value="false"/>
                    <Property name="unit" value="DAYS"/>
                    <Property name="count" value="7"/>
                </Control>
                <Control id="attributes-selector_id_653" type="attributes-selector" visible="false">
                    <Property name="attributeInfos">
                        <List>
                            <Item>
<Value>
    <Property name="objectType" value="RESOURCE"/>
    <Property name="attributeKey" value="badge|health"/>
    <Property name="preferredUnitId" value="percent"/>
    <Property name="isStringAttribute" value="false"/>
    <Property name="adapterKind" value="VMWARE"/>
    <Property name="resourceKind" value="HostSystem"/>
    <Property name="rollUpType" value="NONE"/>
    <Property name="rollUpCount" value="0"/>
    <Property name="transformations">
        <List>
            <Item value="CURRENT"/>
        </List>
    </Property>
    <Property name="isProperty" value="false"/>
    <Property name="displayName" value="Health"/>
    <Property name="isShowRelativeTimestamp" value="false"/>
</Value>
                            </Item>
                        </List>
                    </Property>
                </Control>
                <Control id="buckets-control_id_654" type="buckets-control" visible="false">
                    <Property name="maxValue" value="0"/>
                    <Property name="minValue" value="0"/>
                    <Property name="dynamicCalcFunction" value="SIMPLEMAXMIN"/>
                    <Property name="bucketInfos">
                        <List>
                            <Item>
<Value>
    <Property name="startValue" value="0"/>
    <Property name="endValue" value="25"/>
    <Property name="bucketColor" value="ED186F"/>
</Value>
                            </Item>
                            <Item>
<Value>
    <Property name="startValue" value="25"/>
    <Property name="endValue" value="50"/>
    <Property name="bucketColor" value="F57600"/>
</Value>
                            </Item>
                            <Item>
<Value>
    <Property name="startValue" value="50"/>
    <Property name="endValue" value="75"/>
    <Property name="bucketColor" value="FAC400"/>
</Value>
                            </Item>
                            <Item>
<Value>
    <Property name="startValue" value="75"/>
    <Property name="endValue" value="100"/>
    <Property name="bucketColor" value="62A420"/>
</Value>
                            </Item>
                        </List>
                    </Property>
                    <Property name="isDynamic" value="false"/>
                    <Property name="isSum" value="false"/>
                </Control>
                <Control id="metadata_id_655" type="metadata" visible="false">
                    <Property name="maxPointsCount" value="5000"/>
                    <Property name="hideObjectNameColumn" value="false"/>
                    <Property name="listTopResultSize" value="-1"/>
                </Control>
            </Controls>
            <DataProviders>
                <DataProvider dataType="distribution-view" id="distribution-view_id_651"/>
            </DataProviders>
            <Presentation type="donut-chart"/>
        </ViewDef>
        <ViewDef id="d9f69e70-cf94-4b6f-bff9-f87b4d3ba551">
            <Title>VM Health Donut Chart</Title>
            <Description>VM Health Donut Chart</Description>
            <SubjectType adapterKind="VMWARE" resourceKind="VirtualMachine" type="descendant"/>
            <Usage>dashboard</Usage>
            <Usage>report</Usage>
            <Usage>details</Usage>
            <Usage>content</Usage>
            <Controls>
                <Control id="time-interval-selector_id_786" type="time-interval-selector" visible="false">
                    <Property name="advancedTimeMode" value="false"/>
                    <Property name="unit" value="DAYS"/>
                    <Property name="count" value="7"/>
                </Control>
                <Control id="attributes-selector_id_787" type="attributes-selector" visible="false">
                    <Property name="attributeInfos">
                        <List>
                            <Item>
<Value>
    <Property name="objectType" value="RESOURCE"/>
    <Property name="attributeKey" value="badge|health"/>
    <Property name="preferredUnitId" value="percent"/>
    <Property name="isStringAttribute" value="false"/>
    <Property name="adapterKind" value="VMWARE"/>
    <Property name="resourceKind" value="VirtualMachine"/>
    <Property name="rollUpType" value="NONE"/>
    <Property name="rollUpCount" value="0"/>
    <Property name="transformations">
        <List>
            <Item value="CURRENT"/>
        </List>
    </Property>
    <Property name="isProperty" value="false"/>
    <Property name="displayName" value="Health"/>
    <Property name="isShowRelativeTimestamp" value="false"/>
</Value>
                            </Item>
                        </List>
                    </Property>
                </Control>
                <Control id="buckets-control_id_788" type="buckets-control" visible="false">
                    <Property name="maxValue" value="0"/>
                    <Property name="minValue" value="0"/>
                    <Property name="dynamicCalcFunction" value="SIMPLEMAXMIN"/>
                    <Property name="bucketInfos">
                        <List>
                            <Item>
<Value>
    <Property name="startValue" value="0"/>
    <Property name="endValue" value="25"/>
    <Property name="bucketColor" value="ED186F"/>
</Value>
                            </Item>
                            <Item>
<Value>
    <Property name="startValue" value="25"/>
    <Property name="endValue" value="50"/>
    <Property name="bucketColor" value="F57600"/>
</Value>
                            </Item>
                            <Item>
<Value>
    <Property name="startValue" value="50"/>
    <Property name="endValue" value="75"/>
    <Property name="bucketColor" value="FAC400"/>
</Value>
                            </Item>
                            <Item>
<Value>
    <Property name="startValue" value="75"/>
    <Property name="endValue" value="100"/>
    <Property name="bucketColor" value="62A420"/>
</Value>
                            </Item>
                        </List>
                    </Property>
                    <Property name="isDynamic" value="false"/>
                    <Property name="isSum" value="false"/>
                </Control>
                <Control id="metadata_id_789" type="metadata" visible="false">
                    <Property name="maxPointsCount" value="5000"/>
                    <Property name="hideObjectNameColumn" value="false"/>
                    <Property name="listTopResultSize" value="-1"/>
                </Control>
            </Controls>
            <DataProviders>
                <DataProvider dataType="distribution-view" id="distribution-view_id_785"/>
            </DataProviders>
            <Presentation type="donut-chart"/>
        </ViewDef>
        <ViewDef id="2132e7cf-2298-46a4-8f9d-559589649a08">
            <Title>Datastore Health Donut Chart</Title>
            <Description>Datastore Health Donut Chart</Description>
            <SubjectType adapterKind="VMWARE" resourceKind="Datastore" type="descendant"/>
            <Usage>dashboard</Usage>
            <Usage>report</Usage>
            <Usage>details</Usage>
            <Usage>content</Usage>
            <Controls>
                <Control id="time-interval-selector_id_707" type="time-interval-selector" visible="false">
                    <Property name="advancedTimeMode" value="false"/>
                    <Property name="unit" value="DAYS"/>
                    <Property name="count" value="7"/>
                </Control>
                <Control id="attributes-selector_id_708" type="attributes-selector" visible="false">
                    <Property name="attributeInfos">
                        <List>
                            <Item>
<Value>
    <Property name="objectType" value="RESOURCE"/>
    <Property name="attributeKey" value="badge|health"/>
    <Property name="preferredUnitId" value="percent"/>
    <Property name="isStringAttribute" value="false"/>
    <Property name="adapterKind" value="VMWARE"/>
    <Property name="resourceKind" value="Datastore"/>
    <Property name="rollUpType" value="NONE"/>
    <Property name="rollUpCount" value="0"/>
    <Property name="transformations">
        <List>
            <Item value="CURRENT"/>
        </List>
    </Property>
    <Property name="isProperty" value="false"/>
    <Property name="displayName" value="Health"/>
    <Property name="isShowRelativeTimestamp" value="false"/>
</Value>
                            </Item>
                        </List>
                    </Property>
                </Control>
                <Control id="buckets-control_id_709" type="buckets-control" visible="false">
                    <Property name="maxValue" value="0"/>
                    <Property name="minValue" value="0"/>
                    <Property name="dynamicCalcFunction" value="SIMPLEMAXMIN"/>
                    <Property name="bucketInfos">
                        <List>
                            <Item>
<Value>
    <Property name="startValue" value="0"/>
    <Property name="endValue" value="25"/>
    <Property name="bucketColor" value="ED186F"/>
</Value>
                            </Item>
                            <Item>
<Value>
    <Property name="startValue" value="25"/>
    <Property name="endValue" value="50"/>
    <Property name="bucketColor" value="F57600"/>
</Value>
                            </Item>
                            <Item>
<Value>
    <Property name="startValue" value="50"/>
    <Property name="endValue" value="75"/>
    <Property name="bucketColor" value="FAC400"/>
</Value>
                            </Item>
                            <Item>
<Value>
    <Property name="startValue" value="75"/>
    <Property name="endValue" value="100"/>
    <Property name="bucketColor" value="62A420"/>
</Value>
                            </Item>
                        </List>
                    </Property>
                    <Property name="isDynamic" value="false"/>
                    <Property name="isSum" value="false"/>
                </Control>
                <Control id="metadata_id_710" type="metadata" visible="false">
                    <Property name="maxPointsCount" value="5000"/>
                    <Property name="hideObjectNameColumn" value="false"/>
                    <Property name="listTopResultSize" value="-1"/>
                </Control>
            </Controls>
            <DataProviders>
                <DataProvider dataType="distribution-view" id="distribution-view_id_706"/>
            </DataProviders>
            <Presentation type="donut-chart"/>
        </ViewDef>
        <ViewDef id="364ac16f-e357-407f-ab9f-7aa22b8e3f1b">
            <Title>Cluster Health Donut Chart</Title>
            <Description>Cluster Health Donut Chart</Description>
            <SubjectType adapterKind="VMWARE" resourceKind="ClusterComputeResource" type="descendant"/>
            <Usage>dashboard</Usage>
            <Usage>report</Usage>
            <Usage>details</Usage>
            <Usage>content</Usage>
            <Controls>
                <Control id="time-interval-selector_id_618" type="time-interval-selector" visible="false">
                    <Property name="advancedTimeMode" value="false"/>
                    <Property name="unit" value="DAYS"/>
                    <Property name="count" value="7"/>
                </Control>
                <Control id="attributes-selector_id_619" type="attributes-selector" visible="false">
                    <Property name="attributeInfos">
                        <List>
                            <Item>
<Value>
    <Property name="objectType" value="RESOURCE"/>
    <Property name="attributeKey" value="badge|health"/>
    <Property name="preferredUnitId" value="percent"/>
    <Property name="isStringAttribute" value="false"/>
    <Property name="adapterKind" value="VMWARE"/>
    <Property name="resourceKind" value="ClusterComputeResource"/>
    <Property name="rollUpType" value="NONE"/>
    <Property name="rollUpCount" value="0"/>
    <Property name="transformations">
        <List>
            <Item value="CURRENT"/>
        </List>
    </Property>
    <Property name="isProperty" value="false"/>
    <Property name="displayName" value="Health"/>
    <Property name="isShowRelativeTimestamp" value="false"/>
</Value>
                            </Item>
                        </List>
                    </Property>
                </Control>
                <Control id="buckets-control_id_620" type="buckets-control" visible="false">
                    <Property name="maxValue" value="0"/>
                    <Property name="minValue" value="0"/>
                    <Property name="dynamicCalcFunction" value="SIMPLEMAXMIN"/>
                    <Property name="bucketInfos">
                        <List>
                            <Item>
<Value>
    <Property name="startValue" value="0"/>
    <Property name="endValue" value="25"/>
    <Property name="bucketColor" value="ED186F"/>
</Value>
                            </Item>
                            <Item>
<Value>
    <Property name="startValue" value="25"/>
    <Property name="endValue" value="50"/>
    <Property name="bucketColor" value="F57600"/>
</Value>
                            </Item>
                            <Item>
<Value>
    <Property name="startValue" value="50"/>
    <Property name="endValue" value="75"/>
    <Property name="bucketColor" value="FAC400"/>
</Value>
                            </Item>
                            <Item>
<Value>
    <Property name="startValue" value="75"/>
    <Property name="endValue" value="100"/>
    <Property name="bucketColor" value="62A420"/>
</Value>
                            </Item>
                        </List>
                    </Property>
                    <Property name="isDynamic" value="false"/>
                    <Property name="isSum" value="false"/>
                </Control>
                <Control id="metadata_id_621" type="metadata" visible="false">
                    <Property name="maxPointsCount" value="5000"/>
                    <Property name="hideObjectNameColumn" value="false"/>
                    <Property name="listTopResultSize" value="-1"/>
                </Control>
            </Controls>
            <DataProviders>
                <DataProvider dataType="distribution-view" id="distribution-view_id_617"/>
            </DataProviders>
            <Presentation type="donut-chart"/>
        </ViewDef>
    </Views>
</Content>
